Workbook

Sheet How to use
A1: Signature Flatbreads — How to calculate KPIs in Excel
A3: Colour key / Steps
A4: Step 1 | B4: Open sheet «1_Actuals_Input». Yellow cells are for typing. Enter monthly data for P1, T1, T2, L8, L9.
A5: Step 2 | B5: Sheet «2_KPI_Scorecard» calculates Actual metrics, Score %, and Weighted contribution automatically (green cells). Do not type in green cells.
A6: Step 3 | B6: Sheet «3_Plant_Bonus» averages line scores, applies safety/EPW/audit rules, and shows bonus payout by role.
A7: Step 4 | B7: Sheet «Targets» shows Year 1–3 targets. Change Year 1 targets only if your manager updates the scheme.
A8: Yellow | B8: INPUT — type your numbers here
A9: Green | B9: FORMULA — calculated automatically
A10: Blue | B10: TARGET — from the KPI scheme
A12: Excel formulas used (copy these if you build your own sheet)
A13: KPI | B13: Actual formula | C13: Score % formula (capped at 100%) | D13: Weighted
A14: OEE | B14: Availability × Performance × Quality | C14: MIN(100, Actual/Target*100) | D14: Score × 20%
B15: Availability = Actual operating hrs / Planned hrs
B16: Performance = (Output/Operating hrs) / Ideal rate
B17: Quality = Good units / Total units
A18: Breakdown Frequency | B18: Count of breakdowns | C18: IF(Actual=0,100, MIN(100, Target/Actual*100)) | D18: Score × 10%
A19: Breakdown Hours | B19: Sum of downtime hours | C19: IF(Actual=0,100, MIN(100, Target/Actual*100)) | D19: Score × 15%
A20: PM Compliance | B20: Completed on time / Planned × 100 | C20: MIN(100, Actual/Target*100) | D20: Score × 20%
A21: MTTR | B21: Breakdown hours / Breakdown count | C21: IF(Actual=0,100, MIN(100, Target/Actual*100)) | D21: Score × 15%
A22: MTBF | B22: Operational hours / Breakdown count | C22: MIN(100, Actual/Target*100) | D22: Score × 10%
A23: Safety | B23: LTI count (0 = pass) | C23: IF(LTI=0,100,0) | D23: Score × 10%
A24: Line KPI Score | B24: Sum of all Weighted contributions | C24: Capped at 100%
A25: Plant score | B25: AVERAGE of line scores | C25: Then apply gatekeepers
A27: Gatekeeper rules (applied on Plant_Bonus sheet)
A28: If any LTI > 0 → Final bonus score × 50%
A29: If Major safety violation = 1 → Final bonus = 0%
A30: If Major EPW = 1 → Final bonus = 0%
A31: If Dishonest reporting = 1 → Final bonus = 0%
A32: If Audit = red → Final bonus × 50%
A33: If Audit = green → eligible for extra reward (confirm amount with manager)
A34: Individual KPI score and overall score cannot exceed 100%
A36: Lines: P1 = Pancake | T1, T2 = Tortilla wrap | L8, L9 = Lines L8 & L9

Sheet Targets
A1: KPI Targets (from Maintenance Team KPI & Monthly Bonus Scheme V2)
A3: KPI | B3: Weight | C3: Direction | D3: Year 1 Target | E3: Year 2 Target | F3: Year 3 Target | G3: World Class
A4: OEE | B4: 0.2 | C4: Higher better | D4: 82 | E4: 82 | F4: 82 | G4: 85
A5: Breakdown Frequency | B5: 0.1 | C5: Lower better | D5: 15 | E5: 10 | F5: 10 | G5: 0
A6: Breakdown Hours | B6: 0.15 | C6: Lower better | D6: 20 | E6: 12 | F6: 5
A7: PM Compliance | B7: 0.2 | C7: Higher better | D7: 98 | E7: 98 | F7: 98 | G7: 95
A8: MTTR | B8: 0.15 | C8: Lower better | D8: 2.5 | E8: 2 | F8: 1.5 | G8: 1.5
A9: MTBF | B9: 0.1 | C9: Higher better | D9: 150 | E9: 500 | F9: 1000 | G9: 3000
A10: Safety (LTI) | B10: 0.1 | C10: Zero LTI | D10: 0 | E10: 0 | F10: 0 | G10: 0
A12: Year 1 targets in column D are used by the Scorecard formulas.
A13: Weights: OEE 20%, BF 10%, BH 15%, PM 20%, MTTR 15%, MTBF 10%, Safety 10% = 100%

Sheet 1_Actuals_Input
A1: MONTHLY ACTUALS — type only in yellow cells
A2: Month (YYYY-MM): | B2: 2026-07
A4: Input field | B4: Unit | C4: P1 | D4: T1 | E4: T2 | F4: L8 | G4: L9
A5: Line name | C5: Pancake | D5: Tortilla wrap | E5: Tortilla wrap | F5: Line L8 | G5: Line L9
A6: Planned production hours | B6: hours | C6: 480 | D6: 480 | E6: 480 | F6: 480 | G6: 480
A7: Actual operating hours | B7: hours | C7: 420 | D7: 400 | E7: 410 | F7: 435 | G7: 390
A8: Ideal rate (units/hour) | B8: u/h | C8: 1200 | D8: 1000 | E8: 1000 | F8: 900 | G8: 900
A9: Actual output units | B9: units | C9: 480000 | D9: 380000 | E9: 395000 | F9: 375000 | G9: 340000
A10: Good units | B10: units | C10: 465600 | D10: 372400 | E10: 387100 | F10: 367500 | G10: 329800
A11: Breakdown count | B11: count | C11: 12 | D11: 14 | E11: 11 | F11: 9 | G11: 16
A12: Breakdown hours | B12: hours | C12: 18.5 | D12: 19 | E12: 16 | F12: 14 | G12: 22
A13: Planned PM jobs | B13: count | C13: 25 | D13: 30 | E13: 28 | F13: 22 | G13: 20
A14: Completed PM on time | B14: count | C14: 24 | D14: 29 | E14: 27 | F14: 22 | G14: 18
A15: Operational hours (MTBF) | B15: hours | C15: 420 | D15: 400 | E15: 410 | F15: 435 | G15: 390
A16: LTI count | B16: count | C16: 0 | D16: 0 | E16: 0 | F16: 0 | G16: 0
A17: Major safety violation (0/1) | B17: 0/1 | C17: 0 | D17: 0 | E17: 0 | F17: 0 | G17: 0
... A19: Dishonest reporting (0/1) | B19: 0/1 | C19: 0 | D19: 0 | E19: 0 | F19: 0 | G19: 0
A20: Audit result (green/amber/red) | B20: text | C20: green | D20: green | E20: green | F20: green | G20: amber
A22: Tip: Replace yellow sample numbers with real data from Excel / Maintainer / Teams each month.
A23: Data sources: OEE & downtime → Excel | PM completion date → Maintainer | Breakdown end → Teams | Safety → H&S

Sheet 2_KPI_Scorecard
A1: KPI SCORECARD — all green cells are formulas (do not overwrite)
A2: Month: | B2: ='1_Actuals_Input'!B2
C3: P1 | G3: T1 | K3: T2 | O3: L8 | S3: L9
A4: KPI | B4: Weight | C4: Actual | D4: Target | E4: Score % | F4: Weighted | G4: Actual | H4: Target | I4: Score % | J4: Weighted | K4: Actual | L4: Target | M4: Score % | N4: Weighted | O4: Actual | P4: Target | Q4: Score % | R4: Weighted | S4: Actual | T4: Target | U4: Score % | V4: Weighted
A5: OEE % | B5: 0.2 | C5: IF('1_Actuals_Input'!C6=0,0,(('1_Actuals_Input'!C7/'1_Actuals_Input'!C6)*(('1_Actuals_Input'!C9/'1_Actuals_Input'!C7)/'1_Actuals_Input'!C8)*('1_Actuals_Input'!C10/'1_Actuals_Input'!C9))*100) | D5: =Targets!$D$4 | E5: =IF(D5=0,0,MIN(100,C5/D5*100)) | F5: =E5*$B5 | G5: IF('1_Actuals_Input'!D6=0,0,(('1_Actuals_Input'!D7/'1_Actuals_Input'!D6)*(('1_Actuals_Input'!D9/'1_Actuals_Input'!D7)/'1_Actuals_Input'!D8)*('1_Actuals_Input'!D10/'1_Actuals_Input'!D9))*100) | H5: =Targets!$D$4 | I5: =IF(H5=0,0,MIN(100,G5/H5*100)) | J5: =I5*$B5 | K5: IF('1_Actuals_Input'!E6=0,0,(('1_Actuals_Input'!E7/'1_Actuals_Input'!E6)*(('1_Actuals_Input'!E9/'1_Actuals_Input'!E7)/'1_Actuals_Input'!E8)*('1_Actuals_Input'!E10/'1_Actuals_Input'!E9))*100) | L5: =Targets!$D$4 | M5: =IF(L5=0,0,MIN(100,K5/L5*100)) | N5: =M5*$B5 | O5: IF('1_Actuals_Input'!F6=0,0,(('1_Actuals_Input'!F7/'1_Actuals_Input'!F6)*(('1_Actuals_Input'!F9/'1_Actuals_Input'!F7)/'1_Actuals_Input'!F8)*('1_Actuals_Input'!F10/'1_Actuals_Input'!F9))*100) | P5: =Targets!$D$4 | Q5: =IF(P5=0,0,MIN(100,O5/P5*100)) | R5: =Q5*$B5 | S5: IF('1_Actuals_Input'!G6=0,0,(('1_Actuals_Input'!G7/'1_Actuals_Input'!G6)*(('1_Actuals_Input'!G9/'1_Actuals_Input'!G7)/'1_Actuals_Input'!G8)*('1_Actuals_Input'!G10/'1_Actuals_Input'!G9))*100) | T5: =Targets!$D$4 | U5: =IF(T5=0,0,MIN(100,S5/T5*100)) | V5: =U5*$B5
A6: Breakdown Frequency | B6: 0.1 | C6: ='1_Actuals_Input'!C11 | D6: =Targets!$D$5 | E6: =IF(C6=0,100,MIN(100,D6/C6*100)) | F6: =E6*$B6 | G6: ='1_Actuals_Input'!D11 | H6: =Targets!$D$5 | I6: =IF(G6=0,100,MIN(100,H6/G6*100)) | J6: =I6*$B6 | K6: ='1_Actuals_Input'!E11 | L6: =Targets!$D$5 | M6: =IF(K6=0,100,MIN(100,L6/K6*100)) | N6: =M6*$B6 | O6: ='1_Actuals_Input'!F11 | P6: =Targets!$D$5 | Q6: =IF(O6=0,100,MIN(100,P6/O6*100)) | R6: =Q6*$B6 | S6: ='1_Actuals_Input'!G11 | T6: =Targets!$D$5 | U6: =IF(S6=0,100,MIN(100,T6/S6*100)) | V6: =U6*$B6
A7: Breakdown Hours | B7: 0.15 | C7: ='1_Actuals_Input'!C12 | D7: =Targets!$D$6 | E7: =IF(C7=0,100,MIN(100,D7/C7*100)) | F7: =E7*$B7 | G7: ='1_Actuals_Input'!D12 | H7: =Targets!$D$6 | I7: =IF(G7=0,100,MIN(100,H7/G7*100)) | J7: =I7*$B7 | K7: ='1_Actuals_Input'!E12 | L7: =Targets!$D$6 | M7: =IF(K7=0,100,MIN(100,L7/K7*100)) | N7: =M7*$B7 | O7: ='1_Actuals_Input'!F12 | P7: =Targets!$D$6 | Q7: =IF(O7=0,100,MIN(100,P7/O7*100)) | R7: =Q7*$B7 | S7: ='1_Actuals_Input'!G12 | T7: =Targets!$D$6 | U7: =IF(S7=0,100,MIN(100,T7/S7*100)) | V7: =U7*$B7
A8: PM Compliance % | B8: 0.2 | C8: =IF('1_Actuals_Input'!C13=0,0,'1_Actuals_Input'!C14/'1_Actuals_Input'!C13*100) | D8: =Targets!$D$7 | E8: =IF(D8=0,0,MIN(100,C8/D8*100)) | F8: =E8*$B8 | G8: =IF('1_Actuals_Input'!D13=0,0,'1_Actuals_Input'!D14/'1_Actuals_Input'!D13*100) | H8: =Targets!$D$7 | I8: =IF(H8=0,0,MIN(100,G8/H8*100)) | J8: =I8*$B8 | K8: =IF('1_Actuals_Input'!E13=0,0,'1_Actuals_Input'!E14/'1_Actuals_Input'!E13*100) | L8: =Targets!$D$7 | M8: =IF(L8=0,0,MIN(100,K8/L8*100)) | N8: =M8*$B8 | O8: =IF('1_Actuals_Input'!F13=0,0,'1_Actuals_Input'!F14/'1_Actuals_Input'!F13*100) | P8: =Targets!$D$7 | Q8: =IF(P8=0,0,MIN(100,O8/P8*100)) | R8: =Q8*$B8 | S8: =IF('1_Actuals_Input'!G13=0,0,'1_Actuals_Input'!G14/'1_Actuals_Input'!G13*100) | T8: =Targets!$D$7 | U8: =IF(T8=0,0,MIN(100,S8/T8*100)) | V8: =U8*$B8
A9: MTTR (hours) | B9: 0.15 | C9: =IF('1_Actuals_Input'!C11=0,0,'1_Actuals_Input'!C12/'1_Actuals_Input'!C11) | D9: =Targets!$D$8 | E9: =IF(C9=0,100,MIN(100,D9/C9*100)) | F9: =E9*$B9 | G9: =IF('1_Actuals_Input'!D11=0,0,'1_Actuals_Input'!D12/'1_Actuals_Input'!D11) | H9: =Targets!$D$8 | I9: =IF(G9=0,100,MIN(100,H9/G9*100)) | J9: =I9*$B9 | K9: =IF('1_Actuals_Input'!E11=0,0,'1_Actuals_Input'!E12/'1_Actuals_Input'!E11) | L9: =Targets!$D$8 | M9: =IF(K9=0,100,MIN(100,L9/K9*100)) | N9: =M9*$B9 | O9: =IF('1_Actuals_Input'!F11=0,0,'1_Actuals_Input'!F12/'1_Actuals_Input'!F11) | P9: =Targets!$D$8 | Q9: =IF(O9=0,100,MIN(100,P9/O9*100)) | R9: =Q9*$B9 | S9: =IF('1_Actuals_Input'!G11=0,0,'1_Actuals_Input'!G12/'1_Actuals_Input'!G11) | T9: =Targets!$D$8 | U9: =IF(S9=0,100,MIN(100,T9/S9*100)) | V9: =U9*$B9
A10: MTBF (hours) | B10: 0.1 | C10: =IF('1_Actuals_Input'!C11=0,'1_Actuals_Input'!C15,'1_Actuals_Input'!C15/'1_Actuals_Input'!C11) | D10: =Targets!$D$9 | E10: =IF(D10=0,0,MIN(100,C10/D10*100)) | F10: =E10*$B10 | G10: =IF('1_Actuals_Input'!D11=0,'1_Actuals_Input'!D15,'1_Actuals_Input'!D15/'1_Actuals_Input'!D11) | H10: =Targets!$D$9 | I10: =IF(H10=0,0,MIN(100,G10/H10*100)) | J10: =I10*$B10 | K10: =IF('1_Actuals_Input'!E11=0,'1_Actuals_Input'!E15,'1_Actuals_Input'!E15/'1_Actuals_Input'!E11) | L10: =Targets!$D$9 | M10: =IF(L10=0,0,MIN(100,K10/L10*100)) | N10: =M10*$B10 | O10: =IF('1_Actuals_Input'!F11=0,'1_Actuals_Input'!F15,'1_Actuals_Input'!F15/'1_Actuals_Input'!F11) | P10: =Targets!$D$9 | Q10: =IF(P10=0,0,MIN(100,O10/P10*100)) | R10: =Q10*$B10 | S10: =IF('1_Actuals_Input'!G11=0,'1_Actuals_Input'!G15,'1_Actuals_Input'!G15/'1_Actuals_Input'!G11) | T10: =Targets!$D$9 | U10: =IF(T10=0,0,MIN(100,S10/T10*100)) | V10: =U10*$B10
A11: Safety (LTI→score) | B11: 0.1 | C11: ='1_Actuals_Input'!C16 | D11: =Targets!$D$10 | E11: =IF(C11=0,100,0) | F11: =E11*$B11 | G11: ='1_Actuals_Input'!D16 | H11: =Targets!$D$10 | I11: =IF(G11=0,100,0) | J11: =I11*$B11 | K11: ='1_Actuals_Input'!E16 | L11: =Targets!$D$10 | M11: =IF(K11=0,100,0) | N11: =M11*$B11 | O11: ='1_Actuals_Input'!F16 | P11: =Targets!$D$10 | Q11: =IF(O11=0,100,0) | R11: =Q11*$B11 | S11: ='1_Actuals_Input'!G16 | T11: =Targets!$D$10 | U11: =IF(S11=0,100,0) | V11: =U11*$B11
A12: LINE KPI SCORE % | B12: 1 | F12: =MIN(100,SUM(F5:F11)) | J12: =MIN(100,SUM(J5:J11)) | N12: =MIN(100,SUM(N5:N11)) | R12: =MIN(100,SUM(R5:R11)) | V12: =MIN(100,SUM(V5:V11))
A14: Worked example (same as printed scheme)
A15: KPI | B15: Calculation
A16: OEE | B16: Target 82%, Actual 78% → Score = 78/82×100 = 95.1% → Weighted = 95.1×20% = 19.0
A17: Breakdown Frequency | B17: Target 15 (or 10 in example), Actual 9 → Score = MIN(100, 10/9×100) = 100% → Weighted = 10.0
A18: Breakdown Hours | B18: Target 20, Actual 18 → Score = MIN(100, 20/18×100) = 100% → Weighted = 15.0
A19: PM Compliance | B19: Target 98%, Actual 96% → Score = 96/98×100 = 98.0% → Weighted = 19.6
A20: MTTR | B20: Target 2.5h, Actual 3.0h → Score = 2.5/3.0×100 = 83.3% → Weighted = 12.5
A21: MTBF | B21: Target 150h, Actual 160h → Score = MIN(100, 160/150×100) = 100% → Weighted = 10.0
A22: Safety | B22: Zero LTI → Score = 100% → Weighted = 10.0
A23: TOTAL | B23: 19+10+15+19.6+12.5+10+10 = 96.1% Final KPI Score

Sheet 3_Plant_Bonus
A1: PLANT SUMMARY & BONUS PAYOUT
A3: Line | B3: KPI Score %
A4: P1 — Pancake | B4: ='2_KPI_Scorecard'!F12
A5: T1 — Tortilla wrap | B5: ='2_KPI_Scorecard'!J12
A6: T2 — Tortilla wrap | B6: ='2_KPI_Scorecard'!N12
A7: L8 — Line L8 | B7: ='2_KPI_Scorecard'!R12
A8: L9 — Line L9 | B8: ='2_KPI_Scorecard'!V12
A9: Plant score (average of lines) % | B9: =AVERAGE(B4:B8)
A11: GATEKEEPERS (auto from Actuals)
A12: Total LTI (all lines) | B12: =SUM('1_Actuals_Input'!C16:G16)
A13: Any major safety violation? | B13: =IF(SUM('1_Actuals_Input'!C17:G17)>0,"YES","NO")
A14: Any major EPW? | B14: =IF(SUM('1_Actuals_Input'!C18:G18)>0,"YES","NO")
A15: Any dishonest reporting? | B15: =IF(SUM('1_Actuals_Input'!C19:G19)>0,"YES","NO")
A16: Any red audit? | B16: =IF(COUNTIF('1_Actuals_Input'!C20:G20,"red")>0,"YES","NO")
A17: Any green audit? | B17: =IF(COUNTIF('1_Actuals_Input'!C20:G20,"green")>0,"YES","NO")
A19: FINAL BONUS SCORE % | B19: =IF(OR(B13="YES",B14="YES",B15="YES"),0,IF(B12>0,B9*0.5,B9)*IF(B16="YES",0.5,1))
A20: Note: Green audit → ask manager for extra reward amount on top of this score.
A22: BONUS PAYOUT = Opportunity × Final Bonus Score %
A23: Shift | B23: Role | C23: Monthly opportunity | D23: Final score % | E23: Payout
A24: Day | B24: Head of department | C24: 1235 | D24: =$B$19 | E24: =C24*D24/100
A25: Day | B25: Managers | C25: 918 | D25: =$B$19 | E25: =C25*D25/100
A26: Day | B26: Team leaders | C26: 810 | D26: =$B$19 | E26: =C26*D26/100
A27: Day | B27: Multi-skilled | C27: 486 | D27: =$B$19 | E27: =C27*D27/100
A28: Day | B28: Mech/Elec/Maint eng / Control / Electrician | C28: 324 | D28: =$B$19 | E28: =C28*D28/100
A29: Day | B29: Handyman / Electrician mate | C29: 243 | D29: =$B$19 | E29: =C29*D29/100
A30: Night | B30: Team leaders | C30: 1020 | D30: =$B$19 | E30: =C30*D30/100
A31: Night | B31: Multi-skilled | C31: 900 | D31: =$B$19 | E31: =C31*D31/100
A32: Night | B32: Mech/Elec/Maint eng / Control / Electrician | C32: 540 | D32: =$B$19 | E32: =C32*D32/100
A33: Night | B33: Handyman / Electrician mate | C33: 360 | D33: =$B$19 | E33: =C33*D33/100
A34: Night | B34: Junior / mate | C34: 270 | D34: =$B$19 | E34: =C34*D34/100

Sheet Formula_Cheat_Sheet
A1: Copy-paste formulas for a single line (example: P1 in column C of Actuals)
A3: Metric | B3: Excel formula | C3: Notes
A4: Availability | B4: =C7/C6 | C4: Actual operating ÷ Planned
A5: Performance | B5: =(C9/C7)/C8 | C5: Actual rate ÷ Ideal rate
A6: Quality | B6: =C10/C9 | C6: Good ÷ Total units
A7: OEE % | B7: =Availability*Performance*Quality*100 | C7: Or one formula combining above
A8: OEE Score % | B8: =MIN(100, OEE_Actual/82*100) | C8: Higher is better
A9: OEE Weighted | B9: =OEE_Score * 0.20 | C9: Weight 20%
A10: BF Score % | B10: =IF(C11=0,100,MIN(100,15/C11*100)) | C10: Lower is better; Year1 target 15
A11: BF Weighted | B11: =BF_Score * 0.10 | C11: Weight 10%
A12: BH Score % | B12: =IF(C12=0,100,MIN(100,20/C12*100)) | C12: Year1 target 20 hours
A13: BH Weighted | B13: =BH_Score * 0.15 | C13: Weight 15%
A14: PM % Actual | B14: =C14/C13*100 | C14: Completed on time ÷ Planned
A15: PM Score % | B15: =MIN(100, PM_Actual/98*100) | C15: Year1 target 98%
A16: PM Weighted | B16: =PM_Score * 0.20 | C16: Weight 20%
A17: MTTR Actual | B17: =IF(C11=0,0,C12/C11) | C17: Breakdown hours ÷ count
A18: MTTR Score % | B18: =IF(MTTR=0,100,MIN(100,2.5/MTTR*100)) | C18: Year1 target 2.5 hours
A19: MTTR Weighted | B19: =MTTR_Score * 0.15 | C19: Weight 15%
A20: MTBF Actual | B20: =IF(C11=0,C15,C15/C11) | C20: Operational hours ÷ failures
A21: MTBF Score % | B21: =MIN(100, MTBF/150*100) | C21: Year1 target 150 hours
A22: MTBF Weighted | B22: =MTBF_Score * 0.10 | C22: Weight 10%
A23: Safety Score % | B23: =IF(C16=0,100,0) | C23: Zero LTI = 100%
A24: Safety Weighted | B24: =Safety_Score * 0.10 | C24: Weight 10%
A25: Line KPI Score | B25: =MIN(100, SUM of all Weighted) | C25: Capped at 100%
A26: Bonus payout | B26: =Opportunity * LineOrPlantScore / 100 | C26: e.g. 324 * 96.1%
