Workbook

Sheet Read_Me_First
A1: ALL KPI CALCULATIONS — Signature Flatbreads (Junior guide)
A3: Yellow cells | B3: TYPE your monthly numbers here
A4: Blue cells | B4: TARGETS (Year 1) — do not change unless manager says
A5: Green cells | B5: FORMULAS — Excel calculates these
A7: How to use
A8: 1 | B8: Go to sheet «Monthly_Input» — enter data for P1, T1, T2, L8, L9
A9: 2 | B9: Go to sheet «KPI_Calculations» — see every KPI Actual, Score, Weighted, TOTAL
A10: 3 | B10: Go to sheet «How_Formulas_Work» — plain English of each formula
A12: Lines | B12: P1=Pancake | T1 & T2=Tortilla wrap | L8 & L9=Lines

Sheet Monthly_Input
A1: STEP 1 — TYPE ACTUAL DATA (yellow). One column per line.
A2: Month | B2: 2026-07
A4: Field (what to type) | B4: Unit | C4: P1 | D4: T1 | E4: T2 | F4: L8 | G4: L9
A5: Machine name | C5: Pancake | D5: Tortilla wrap | E5: Tortilla wrap | F5: Line L8 | G5: Line L9
A6: Planned production time | B6: hours | C6: 480 | D6: 480 | E6: 480 | F6: 480 | G6: 480
A7: Actual operating time | B7: hours | C7: 420 | D7: 400 | E7: 410 | F7: 435 | G7: 390
A8: Ideal production rate | B8: units/hour | C8: 1200 | D8: 1000 | E8: 1000 | F8: 900 | G8: 900
A9: Total units produced | B9: units | C9: 480000 | D9: 380000 | E9: 395000 | F9: 375000 | G9: 340000
A10: Good units produced | B10: units | C10: 465600 | D10: 372400 | E10: 387100 | F10: 367500 | G10: 329800
A11: Breakdown count | B11: count | C11: 12 | D11: 14 | E11: 11 | F11: 9 | G11: 16
A12: Breakdown hours | B12: hours | C12: 18.5 | D12: 19 | E12: 16 | F12: 14 | G12: 22
A13: Planned PM jobs | B13: count | C13: 25 | D13: 30 | E13: 28 | F13: 22 | G13: 20
A14: Completed PM on time | B14: count | C14: 24 | D14: 29 | E14: 27 | F14: 22 | G14: 18
A15: Operational hours (for MTBF) | B15: hours | C15: 420 | D15: 400 | E15: 410 | F15: 435 | G15: 390
A16: LTI count (Safety) | B16: count | C16: 0 | D16: 0 | E16: 0 | F16: 0 | G16: 0
A18: Year 1 Targets (blue) — used by calculations
A19: OEE target % | B19: 82
A20: Breakdown Frequency target | B20: 15
A21: Breakdown Hours target | B21: 20
A22: PM Compliance target % | B22: 98
A23: MTTR target hours | B23: 2.5
A24: MTBF target hours | B24: 150
A25: Safety target LTI | B25: 0
A27: Weights
A28: OEE weight | B28: 0.2
A29: Breakdown Frequency weight | B29: 0.1
A30: Breakdown Hours weight | B30: 0.15
A31: PM Compliance weight | B31: 0.2
A32: MTTR weight | B32: 0.15
A33: MTBF weight | B33: 0.1
A34: Safety weight | B34: 0.1
A35: Weight total | B35: =SUM(B28:B34)

Sheet KPI_Calculations
A1: STEP 2 — ALL KPI VALUES CALCULATED AUTOMATICALLY
A2: Month: | B2: =Monthly_Input!B2
A4: A) ACTUAL KPI VALUES (calculated from Monthly_Input)
A5: KPI | B5: How calculated | C5: P1 | D5: T1 | E5: T2 | F5: L8 | G5: L9
A6: 1. OEE % | B6: Avail × Perf × Qual × 100 | C6: =IF(Monthly_Input!C6=0,0,((Monthly_Input!C7/Monthly_Input!C6)*((Monthly_Input!C9/Monthly_Input!C7)/Monthly_Input!C8)*(Monthly_Input!C10/Monthly_Input!C9))*100) | D6: =IF(Monthly_Input!D6=0,0,((Monthly_Input!D7/Monthly_Input!D6)*((Monthly_Input!D9/Monthly_Input!D7)/Monthly_Input!D8)*(Monthly_Input!D10/Monthly_Input!D9))*100) | E6: =IF(Monthly_Input!E6=0,0,((Monthly_Input!E7/Monthly_Input!E6)*((Monthly_Input!E9/Monthly_Input!E7)/Monthly_Input!E8)*(Monthly_Input!E10/Monthly_Input!E9))*100) | F6: =IF(Monthly_Input!F6=0,0,((Monthly_Input!F7/Monthly_Input!F6)*((Monthly_Input!F9/Monthly_Input!F7)/Monthly_Input!F8)*(Monthly_Input!F10/Monthly_Input!F9))*100) | G6: =IF(Monthly_Input!G6=0,0,((Monthly_Input!G7/Monthly_Input!G6)*((Monthly_Input!G9/Monthly_Input!G7)/Monthly_Input!G8)*(Monthly_Input!G10/Monthly_Input!G9))*100)
A7: 2. Breakdown Frequency | B7: Breakdown count | C7: =Monthly_Input!C11 | D7: =Monthly_Input!D11 | E7: =Monthly_Input!E11 | F7: =Monthly_Input!F11 | G7: =Monthly_Input!G11
A8: 3. Breakdown Hours | B8: Total breakdown downtime hours | C8: =Monthly_Input!C12 | D8: =Monthly_Input!D12 | E8: =Monthly_Input!E12 | F8: =Monthly_Input!F12 | G8: =Monthly_Input!G12
A9: 4. PM Compliance % | B9: Completed on time ÷ Planned × 100 | C9: =IF(Monthly_Input!C13=0,0,Monthly_Input!C14/Monthly_Input!C13*100) | D9: =IF(Monthly_Input!D13=0,0,Monthly_Input!D14/Monthly_Input!D13*100) | E9: =IF(Monthly_Input!E13=0,0,Monthly_Input!E14/Monthly_Input!E13*100) | F9: =IF(Monthly_Input!F13=0,0,Monthly_Input!F14/Monthly_Input!F13*100) | G9: =IF(Monthly_Input!G13=0,0,Monthly_Input!G14/Monthly_Input!G13*100)
A10: 5. MTTR (hours) | B10: Breakdown hours ÷ Breakdown count | C10: =IF(Monthly_Input!C11=0,0,Monthly_Input!C12/Monthly_Input!C11) | D10: =IF(Monthly_Input!D11=0,0,Monthly_Input!D12/Monthly_Input!D11) | E10: =IF(Monthly_Input!E11=0,0,Monthly_Input!E12/Monthly_Input!E11) | F10: =IF(Monthly_Input!F11=0,0,Monthly_Input!F12/Monthly_Input!F11) | G10: =IF(Monthly_Input!G11=0,0,Monthly_Input!G12/Monthly_Input!G11)
A11: 6. MTBF (hours) | B11: Operational hours ÷ Breakdown count | C11: =IF(Monthly_Input!C11=0,Monthly_Input!C15,Monthly_Input!C15/Monthly_Input!C11) | D11: =IF(Monthly_Input!D11=0,Monthly_Input!D15,Monthly_Input!D15/Monthly_Input!D11) | E11: =IF(Monthly_Input!E11=0,Monthly_Input!E15,Monthly_Input!E15/Monthly_Input!E11) | F11: =IF(Monthly_Input!F11=0,Monthly_Input!F15,Monthly_Input!F15/Monthly_Input!F11) | G11: =IF(Monthly_Input!G11=0,Monthly_Input!G15,Monthly_Input!G15/Monthly_Input!G11)
A12: 7. Safety (LTI count) | B12: Lost Time Injuries this month | C12: =Monthly_Input!C16 | D12: =Monthly_Input!D16 | E12: =Monthly_Input!E16 | F12: =Monthly_Input!F16 | G12: =Monthly_Input!G16
A14: B) SCORE % vs Year 1 TARGET (capped at 100%)
A15: KPI | B15: Target | C15: Weight | D15: P1 Score% | E15: T1 Score% | F15: T2 Score% | G15: L8 Score% | H15: L9 Score%
A16: 1. OEE | B16: =Monthly_Input!$B$19 | C16: =Monthly_Input!$B$28 | D16: =IF($B16=0,0,MIN(100,C6/$B16*100)) | E16: =IF($B16=0,0,MIN(100,D6/$B16*100)) | F16: =IF($B16=0,0,MIN(100,E6/$B16*100)) | G16: =IF($B16=0,0,MIN(100,F6/$B16*100)) | H16: =IF($B16=0,0,MIN(100,G6/$B16*100))
A17: 2. Breakdown Frequency | B17: =Monthly_Input!$B$20 | C17: =Monthly_Input!$B$29 | D17: =IF(C7=0,100,MIN(100,$B17/C7*100)) | E17: =IF(D7=0,100,MIN(100,$B17/D7*100)) | F17: =IF(E7=0,100,MIN(100,$B17/E7*100)) | G17: =IF(F7=0,100,MIN(100,$B17/F7*100)) | H17: =IF(G7=0,100,MIN(100,$B17/G7*100))
A18: 3. Breakdown Hours | B18: =Monthly_Input!$B$21 | C18: =Monthly_Input!$B$30 | D18: =IF(C8=0,100,MIN(100,$B18/C8*100)) | E18: =IF(D8=0,100,MIN(100,$B18/D8*100)) | F18: =IF(E8=0,100,MIN(100,$B18/E8*100)) | G18: =IF(F8=0,100,MIN(100,$B18/F8*100)) | H18: =IF(G8=0,100,MIN(100,$B18/G8*100))
A19: 4. PM Compliance | B19: =Monthly_Input!$B$22 | C19: =Monthly_Input!$B$31 | D19: =IF($B19=0,0,MIN(100,C9/$B19*100)) | E19: =IF($B19=0,0,MIN(100,D9/$B19*100)) | F19: =IF($B19=0,0,MIN(100,E9/$B19*100)) | G19: =IF($B19=0,0,MIN(100,F9/$B19*100)) | H19: =IF($B19=0,0,MIN(100,G9/$B19*100))
A20: 5. MTTR | B20: =Monthly_Input!$B$23 | C20: =Monthly_Input!$B$32 | D20: =IF(C10=0,100,MIN(100,$B20/C10*100)) | E20: =IF(D10=0,100,MIN(100,$B20/D10*100)) | F20: =IF(E10=0,100,MIN(100,$B20/E10*100)) | G20: =IF(F10=0,100,MIN(100,$B20/F10*100)) | H20: =IF(G10=0,100,MIN(100,$B20/G10*100))
A21: 6. MTBF | B21: =Monthly_Input!$B$24 | C21: =Monthly_Input!$B$33 | D21: =IF($B21=0,0,MIN(100,C11/$B21*100)) | E21: =IF($B21=0,0,MIN(100,D11/$B21*100)) | F21: =IF($B21=0,0,MIN(100,E11/$B21*100)) | G21: =IF($B21=0,0,MIN(100,F11/$B21*100)) | H21: =IF($B21=0,0,MIN(100,G11/$B21*100))
A22: 7. Safety | B22: =Monthly_Input!$B$25 | C22: =Monthly_Input!$B$34 | D22: =IF(C12=0,100,0) | E22: =IF(D12=0,100,0) | F22: =IF(E12=0,100,0) | G22: =IF(F12=0,100,0) | H22: =IF(G12=0,100,0)
A24: C) WEIGHTED POINTS (Score % × Weight)
A25: KPI | B25: P1 Weighted | C25: T1 Weighted | D25: T2 Weighted | E25: L8 Weighted | F25: L9 Weighted
A26: 1. OEE | B26: =D16*$C16 | C26: =E16*$C16 | D26: =F16*$C16 | E26: =G16*$C16 | F26: =H16*$C16
A27: 2. Breakdown Frequency | B27: =D17*$C17 | C27: =E17*$C17 | D27: =F17*$C17 | E27: =G17*$C17 | F27: =H17*$C17
A28: 3. Breakdown Hours | B28: =D18*$C18 | C28: =E18*$C18 | D28: =F18*$C18 | E28: =G18*$C18 | F28: =H18*$C18
A29: 4. PM Compliance | B29: =D19*$C19 | C29: =E19*$C19 | D29: =F19*$C19 | E29: =G19*$C19 | F29: =H19*$C19
A30: 5. MTTR | B30: =D20*$C20 | C30: =E20*$C20 | D30: =F20*$C20 | E30: =G20*$C20 | F30: =H20*$C20
A31: 6. MTBF | B31: =D21*$C21 | C31: =E21*$C21 | D31: =F21*$C21 | E31: =G21*$C21 | F31: =H21*$C21
A32: 7. Safety | B32: =D22*$C22 | C32: =E22*$C22 | D32: =F22*$C22 | E32: =G22*$C22 | F32: =H22*$C22
A33: TOTAL KPI SCORE % | B33: =MIN(100,SUM(B26:B32)) | C33: =MIN(100,SUM(C26:C32)) | D33: =MIN(100,SUM(D26:D32)) | E33: =MIN(100,SUM(E26:E32)) | F33: =MIN(100,SUM(F26:F32))
A35: PLANT TOTAL (average of 5 lines) % | B35: =AVERAGE(B33:F33)
A37: D) BONUS EXAMPLE (Maintenance Engineer Day opportunity £324)
A38: Bonus payout £ | B38: =324*B35/100
A40: Safety note: if any line LTI > 0, company rule cuts overall bonus to 50%. Major safety/EPW = 0%.

Sheet How_Formulas_Work
A1: Plain English — how each value is calculated
A3: KPI | B3: Actual formula | C3: Score formula | D3: Weighted | E3: Worked example
A4: OEE | B4: Availability × Performance × Quality × 100 | C4: MIN(100, Actual/82×100) | D4: Score × 20% | E4: Avail=420/480=0.875; Perf=(480000/420)/1200=0.952; Qual=465600/480000=0.97 → OEE≈80.8%; Score=80.8/82×100≈98.5%; Weighted≈19.7
A5: Breakdown Frequency | B5: Count of breakdowns this month | C5: IF(Actual=0,100, MIN(100, 15/Actual×100)) | D5: Score × 10% | E5: Actual=12 → Score=15/12×100=125% → cap 100% → Weighted=10.0
A6: Breakdown Hours | B6: Total downtime hours from breakdowns | C6: IF(Actual=0,100, MIN(100, 20/Actual×100)) | D6: Score × 15% | E6: Actual=18.5 → Score=20/18.5×100=108.1% → cap 100% → Weighted=15.0
A7: PM Compliance | B7: Completed on time ÷ Planned × 100 | C7: MIN(100, Actual/98×100) | D7: Score × 20% | E7: 24/25×100=96%; Score=96/98×100=98.0%; Weighted=19.6
A8: MTTR | B8: Breakdown hours ÷ Breakdown count | C8: IF(Actual=0,100, MIN(100, 2.5/Actual×100)) | D8: Score × 15% | E8: 18.5/12=1.542 hrs; Score=2.5/1.542×100≈162% → cap 100%; Weighted=15.0
A9: MTBF | B9: Operational hours ÷ Breakdown count | C9: MIN(100, Actual/150×100) | D9: Score × 10% | E9: 420/12=35 hrs; Score=35/150×100=23.3%; Weighted=2.33
A10: Safety | B10: LTI count | C10: IF(LTI=0,100,0) | D10: Score × 10% | E10: LTI=0 → Score=100%; Weighted=10.0
A11: TOTAL | B11: Sum of all Weighted points | C11: MIN(100, sum) | D11: — | E11: Add the 7 weighted numbers for that line. Plant total = average of P1,T1,T2,L8,L9
A13: Remember: Higher-better uses Actual/Target. Lower-better uses Target/Actual. Never above 100%.

Sheet P1_Worked_Example
A1: FULL WORKED EXAMPLE — P1 Pancake only (so you can check by hand)
A3: Input used
A4: Planned production time | B4: 480
A5: Actual operating time | B5: 420
A6: Ideal production rate | B6: 1200
A7: Total units produced | B7: 480000
A8: Good units produced | B8: 465600
A9: Breakdown count | B9: 12
A10: Breakdown hours | B10: 18.5
A11: Planned PM jobs | B11: 25
A12: Completed PM on time | B12: 24
A13: Operational hours | B13: 420
A14: LTI | B14: 0
A16: Calculations
A17: KPI | B17: Actual | C17: Target | D17: Score % | E17: Weighted
A18: 1. OEE | B18: 80.83 | C18: 82 | D18: 98.58 | E18: 19.72
A19: 2. Breakdown Frequency | B19: 12 | C19: 15 | D19: 100 | E19: 10
A20: 3. Breakdown Hours | B20: 18.5 | C20: 20 | D20: 100 | E20: 15
A21: 4. PM Compliance | B21: 96 | C21: 98 | D21: 97.96 | E21: 19.59
A22: 5. MTTR | B22: 1.542 | C22: 2.5 | D22: 100 | E22: 15
A23: 6. MTBF | B23: 35 | C23: 150 | D23: 23.33 | E23: 2.33
A24: 7. Safety | B24: 0 | C24: 0 | D24: 100 | E24: 10
A25: TOTAL KPI SCORE % | E25: 91.64
A27: OEE detail
A28: Availability = 420/480 = 0.8750
A29: Performance = (480000/420)/1200 = 0.9524
A30: Quality = 465600/480000 = 0.9700
A31: OEE = 0.8750 × 0.9524 × 0.9700 × 100 = 80.83%
A33: P1 TOTAL = 91.64%
A34: This matches sheet KPI_Calculations column P1 (with same inputs).

Sheet Answers_Summary
A1: READY ANSWERS for the sample month (so you can see the numbers now)
A2: These use the yellow sample inputs on Monthly_Input. When you change inputs, use KPI_Calculations sheet for live formulas.
A4: ACTUAL values
A5: KPI | B5: P1 | C5: T1 | D5: T2 | E5: L8 | F5: L9
A6: OEE % | B6: 80.833 | C6: 77.583 | D6: 80.646 | E6: 85.069 | F6: 76.343
A7: Breakdown Frequency | B7: 12 | C7: 14 | D7: 11 | E7: 9 | F7: 16
A8: Breakdown Hours | B8: 18.5 | C8: 19 | D8: 16 | E8: 14 | F8: 22
A9: PM Compliance % | B9: 96 | C9: 96.667 | D9: 96.429 | E9: 100 | F9: 90
A10: MTTR hours | B10: 1.542 | C10: 1.357 | D10: 1.455 | E10: 1.556 | F10: 1.375
A11: MTBF hours | B11: 35 | C11: 28.571 | D11: 37.273 | E11: 48.333 | F11: 24.375
A12: Safety LTI | B12: 0 | C12: 0 | D12: 0 | E12: 0 | F12: 0
A14: SCORE %
A15: KPI | B15: P1 | C15: T1 | D15: T2 | E15: L8 | F15: L9
A16: OEE % | B16: 98.58 | C16: 94.61 | D16: 98.35 | E16: 100 | F16: 93.1
A17: Breakdown Frequency | B17: 100 | C17: 100 | D17: 100 | E17: 100 | F17: 93.75
A18: Breakdown Hours | B18: 100 | C18: 100 | D18: 100 | E18: 100 | F18: 90.91
A19: PM Compliance % | B19: 97.96 | C19: 98.64 | D19: 98.4 | E19: 100 | F19: 91.84
A20: MTTR hours | B20: 100 | C20: 100 | D20: 100 | E20: 100 | F20: 100
A21: MTBF hours | B21: 23.33 | C21: 19.05 | D21: 24.85 | E21: 32.22 | F21: 16.25
A22: Safety LTI | B22: 100 | C22: 100 | D22: 100 | E22: 100 | F22: 100
A24: WEIGHTED points and TOTAL
A25: KPI | B25: P1 | C25: T1 | D25: T2 | E25: L8 | F25: L9
A26: OEE % | B26: 19.72 | C26: 18.92 | D26: 19.67 | E26: 20 | F26: 18.62
A27: Breakdown Frequency | B27: 10 | C27: 10 | D27: 10 | E27: 10 | F27: 9.38
A28: Breakdown Hours | B28: 15 | C28: 15 | D28: 15 | E28: 15 | F28: 13.64
A29: PM Compliance % | B29: 19.59 | C29: 19.73 | D29: 19.68 | E29: 20 | F29: 18.37
A30: MTTR hours | B30: 15 | C30: 15 | D30: 15 | E30: 15 | F30: 15
A31: MTBF hours | B31: 2.33 | C31: 1.9 | D31: 2.48 | E31: 3.22 | F31: 1.62
A32: Safety LTI | B32: 10 | C32: 10 | D32: 10 | E32: 10 | F32: 10
A33: TOTAL % | B33: 91.64 | C33: 90.56 | D33: 91.83 | E33: 93.22 | F33: 86.62
A35: PLANT TOTAL (average) % | B35: 90.78
A36: Example bonus (Maint eng £324) | B36: 294.11
