Workbook

Sheet Dashboard
A1: SIGNATURE FLATBREADS — MAINTENANCE KPI DASHBOARD
A2: Month: | B2: =Data!B2 | C2: Plant score | D2: =Calc!P9 | E2: Bonus example (£324) | F2: =324*Calc!P9/100
A4: KPI SNAPSHOT (Plant average Actual vs Target)
A5: OEE % | C5: BF count | E5: BH hours | G5: PM % | I5: MTTR hours | K5: MTBF hours
A6: =ROUND(Calc!B11,1) | C6: =ROUND(Calc!B12,1) | E6: =ROUND(Calc!B13,1) | G6: =ROUND(Calc!B14,1) | I6: =ROUND(Calc!B15,2) | K6: =ROUND(Calc!B16,1)
A7: Target 82 | C7: Target ≤15 | E7: Target ≤20 | G7: Target ≥98 | I7: Target <2.5 | K7: Target >150
A8: Safety LTI (all lines): | C8: =Calc!B17 | D8: =IF(C8=0,"PASS — Zero LTI","FAIL — Bonus may be cut 50%")
A10: LINE SCORECARD — Actual / Score % / Weighted / Total
A11: Line | B11: Name | C11: Total Score % | D11: OEE W | E11: BF W | F11: BH W | G11: PM W | H11: MTTR W | I11: MTBF W | J11: Safety W | K11: Status
A12: P1 | B12: Pancake | C12: =Calc!P3 | D12: =Calc!I3 | E12: =Calc!J3 | F12: =Calc!K3 | G12: =Calc!L3 | H12: =Calc!M3 | I12: =Calc!N3 | J12: =Calc!O3 | K12: =IF(C12>=90,"Good",IF(C12>=80,"OK","Needs focus"))
A13: T1 | B13: Tortilla | C13: =Calc!P4 | D13: =Calc!I4 | E13: =Calc!J4 | F13: =Calc!K4 | G13: =Calc!L4 | H13: =Calc!M4 | I13: =Calc!N4 | J13: =Calc!O4 | K13: =IF(C13>=90,"Good",IF(C13>=80,"OK","Needs focus"))
A14: T2 | B14: Tortilla | C14: =Calc!P5 | D14: =Calc!I5 | E14: =Calc!J5 | F14: =Calc!K5 | G14: =Calc!L5 | H14: =Calc!M5 | I14: =Calc!N5 | J14: =Calc!O5 | K14: =IF(C14>=90,"Good",IF(C14>=80,"OK","Needs focus"))
A15: L8 | B15: Line L8 | C15: =Calc!P6 | D15: =Calc!I6 | E15: =Calc!J6 | F15: =Calc!K6 | G15: =Calc!L6 | H15: =Calc!M6 | I15: =Calc!N6 | J15: =Calc!O6 | K15: =IF(C15>=90,"Good",IF(C15>=80,"OK","Needs focus"))
A16: L9 | B16: Line L9 | C16: =Calc!P7 | D16: =Calc!I7 | E16: =Calc!J7 | F16: =Calc!K7 | G16: =Calc!L7 | H16: =Calc!M7 | I16: =Calc!N7 | J16: =Calc!O7 | K16: =IF(C16>=90,"Good",IF(C16>=80,"OK","Needs focus"))
A19: CHART DATA (used by charts below)
A20: Line | B20: Total Score % | D20: KPI | E20: Avg Weighted | G20: KPI | H20: Actual | I20: Target
A21: =A12 | B21: =C12 | D21: OEE | E21: =AVERAGE(D12:D16) | G21: OEE | H21: =Calc!B11 | I21: =Data!B6
A22: =A13 | B22: =C13 | D22: BF | E22: =AVERAGE(E12:E16) | G22: BF | H22: =Calc!B12 | I22: =Data!B7
A23: =A14 | B23: =C14 | D23: BH | E23: =AVERAGE(F12:F16) | G23: BH | H23: =Calc!B13 | I23: =Data!B8
A24: =A15 | B24: =C15 | D24: PM | E24: =AVERAGE(G12:G16) | G24: PM | H24: =Calc!B14 | I24: =Data!B9
A25: =A16 | B25: =C16 | D25: MTTR | E25: =AVERAGE(H12:H16) | G25: MTTR | H25: =Calc!B15 | I25: =Data!B10
D26: MTBF | E26: =AVERAGE(I12:I16) | G26: MTBF | H26: =Calc!B16 | I26: =Data!B11
D27: Safety | E27: =AVERAGE(J12:J16)
A60: HOW TO USE THIS DASHBOARD
A61: 1. Go to sheet «Data»
A62: 2. Change Month in B2
A63: 3. Type Actual numbers for P1, T1, T2, L8, L9 in yellow cells (OEE, BF, BH, PM, MTTR, MTBF, LTI)
A64: 4. Come back to «Dashboard» — scores, colours, and charts update automatically
A65: 5. Show this Dashboard sheet to your manager in meetings
A66: 6. Optional: File → Print → set print area A1:L58 for a one-page pack
A68: Status meaning: Good ≥90% | OK 80–89% | Needs focus <80%

Sheet Data
A1: DATA ENTRY — type Actuals here (yellow). Dashboard reads this sheet.
A2: Month | B2: 2026-07
A4: TARGETS (Year 1)
A5: KPI | B5: Target | C5: Weight | D5: Direction
A6: OEE | B6: 82 | C6: 0.2 | D6: higher
A7: Breakdown Frequency | B7: 15 | C7: 0.1 | D7: lower
A8: Breakdown Hours | B8: 20 | C8: 0.15 | D8: lower
A9: PM Compliance | B9: 98 | C9: 0.2 | D9: higher
A10: MTTR | B10: 2.5 | C10: 0.15 | D10: lower
A11: MTBF | B11: 150 | C11: 0.1 | D11: higher
A12: Safety LTI | B12: 0 | C12: 0.1 | D12: zero
A14: ACTUALS BY LINE (type monthly numbers)
A15: Line | B15: Name | C15: OEE % | D15: BF count | E15: BH hours | F15: PM % | G15: MTTR hrs | H15: MTBF hrs | I15: LTI
A16: P1 | B16: Pancake | C16: 80.83 | D16: 12 | E16: 18.5 | F16: 96 | G16: 1.542 | H16: 35 | I16: 0
A17: T1 | B17: Tortilla wrap | C17: 77.58 | D17: 14 | E17: 19 | F17: 96.67 | G17: 1.357 | H17: 28.57 | I17: 0
A18: T2 | B18: Tortilla wrap | C18: 80.65 | D18: 11 | E18: 16 | F18: 96.43 | G18: 1.455 | H18: 37.27 | I18: 0
A19: L8 | B19: Line L8 | C19: 85.07 | D19: 9 | E19: 14 | F19: 100 | G19: 1.556 | H19: 48.33 | I19: 0
A20: L9 | B20: Line L9 | C20: 76.34 | D20: 16 | E20: 22 | F20: 90 | G20: 1.375 | H20: 24.38 | I20: 0
A22: Tip: Change yellow cells only. Dashboard and charts update automatically.

Sheet Calc
A1: Auto calculations for dashboard (do not edit)
A2: Line | B2: OEE Score | C2: BF Score | D2: BH Score | E2: PM Score | F2: MTTR Score | G2: MTBF Score | H2: Safety Score | I2: OEE W | J2: BF W | K2: BH W | L2: PM W | M2: MTTR W | N2: MTBF W | O2: Safety W | P2: TOTAL
A3: =Data!A16 | B3: =MIN(100,Data!C16/Data!$B$6*100) | C3: =IF(Data!D16=0,100,MIN(100,Data!$B$7/Data!D16*100)) | D3: =IF(Data!E16=0,100,MIN(100,Data!$B$8/Data!E16*100)) | E3: =MIN(100,Data!F16/Data!$B$9*100) | F3: =IF(Data!G16=0,100,MIN(100,Data!$B$10/Data!G16*100)) | G3: =MIN(100,Data!H16/Data!$B$11*100) | H3: =IF(Data!I16=0,100,0) | I3: =B3*Data!$C$6 | J3: =C3*Data!$C$7 | K3: =D3*Data!$C$8 | L3: =E3*Data!$C$9 | M3: =F3*Data!$C$10 | N3: =G3*Data!$C$11 | O3: =H3*Data!$C$12 | P3: =MIN(100,SUM(I3:O3))
A4: =Data!A17 | B4: =MIN(100,Data!C17/Data!$B$6*100) | C4: =IF(Data!D17=0,100,MIN(100,Data!$B$7/Data!D17*100)) | D4: =IF(Data!E17=0,100,MIN(100,Data!$B$8/Data!E17*100)) | E4: =MIN(100,Data!F17/Data!$B$9*100) | F4: =IF(Data!G17=0,100,MIN(100,Data!$B$10/Data!G17*100)) | G4: =MIN(100,Data!H17/Data!$B$11*100) | H4: =IF(Data!I17=0,100,0) | I4: =B4*Data!$C$6 | J4: =C4*Data!$C$7 | K4: =D4*Data!$C$8 | L4: =E4*Data!$C$9 | M4: =F4*Data!$C$10 | N4: =G4*Data!$C$11 | O4: =H4*Data!$C$12 | P4: =MIN(100,SUM(I4:O4))
A5: =Data!A18 | B5: =MIN(100,Data!C18/Data!$B$6*100) | C5: =IF(Data!D18=0,100,MIN(100,Data!$B$7/Data!D18*100)) | D5: =IF(Data!E18=0,100,MIN(100,Data!$B$8/Data!E18*100)) | E5: =MIN(100,Data!F18/Data!$B$9*100) | F5: =IF(Data!G18=0,100,MIN(100,Data!$B$10/Data!G18*100)) | G5: =MIN(100,Data!H18/Data!$B$11*100) | H5: =IF(Data!I18=0,100,0) | I5: =B5*Data!$C$6 | J5: =C5*Data!$C$7 | K5: =D5*Data!$C$8 | L5: =E5*Data!$C$9 | M5: =F5*Data!$C$10 | N5: =G5*Data!$C$11 | O5: =H5*Data!$C$12 | P5: =MIN(100,SUM(I5:O5))
A6: =Data!A19 | B6: =MIN(100,Data!C19/Data!$B$6*100) | C6: =IF(Data!D19=0,100,MIN(100,Data!$B$7/Data!D19*100)) | D6: =IF(Data!E19=0,100,MIN(100,Data!$B$8/Data!E19*100)) | E6: =MIN(100,Data!F19/Data!$B$9*100) | F6: =IF(Data!G19=0,100,MIN(100,Data!$B$10/Data!G19*100)) | G6: =MIN(100,Data!H19/Data!$B$11*100) | H6: =IF(Data!I19=0,100,0) | I6: =B6*Data!$C$6 | J6: =C6*Data!$C$7 | K6: =D6*Data!$C$8 | L6: =E6*Data!$C$9 | M6: =F6*Data!$C$10 | N6: =G6*Data!$C$11 | O6: =H6*Data!$C$12 | P6: =MIN(100,SUM(I6:O6))
A7: =Data!A20 | B7: =MIN(100,Data!C20/Data!$B$6*100) | C7: =IF(Data!D20=0,100,MIN(100,Data!$B$7/Data!D20*100)) | D7: =IF(Data!E20=0,100,MIN(100,Data!$B$8/Data!E20*100)) | E7: =MIN(100,Data!F20/Data!$B$9*100) | F7: =IF(Data!G20=0,100,MIN(100,Data!$B$10/Data!G20*100)) | G7: =MIN(100,Data!H20/Data!$B$11*100) | H7: =IF(Data!I20=0,100,0) | I7: =B7*Data!$C$6 | J7: =C7*Data!$C$7 | K7: =D7*Data!$C$8 | L7: =E7*Data!$C$9 | M7: =F7*Data!$C$10 | N7: =G7*Data!$C$11 | O7: =H7*Data!$C$12 | P7: =MIN(100,SUM(I7:O7))
A9: Plant average | P9: =AVERAGE(P3:P7)
A11: Plant OEE avg | B11: =AVERAGE(Data!C16:C20)
A12: Plant BF avg | B12: =AVERAGE(Data!D16:D20)
A13: Plant BH avg | B13: =AVERAGE(Data!E16:E20)
A14: Plant PM avg | B14: =AVERAGE(Data!F16:F20)
A15: Plant MTTR avg | B15: =AVERAGE(Data!G16:G20)
A16: Plant MTBF avg | B16: =AVERAGE(Data!H16:H20)
A17: Plant LTI sum | B17: =SUM(Data!I16:I20)

Sheet How_To_Create_Dashboard
A1: How to create a KPI dashboard in Excel (junior steps)
A3: Step | B3: What to do
A4: 1. Plan 3 sheets | B4: Data (inputs) + Calc (formulas) + Dashboard (what manager sees)
A5: 2. Data sheet | B5: List lines P1,T1,T2,L8,L9. Columns for each KPI Actual. Yellow = type here.
A6: 3. Targets | B6: Put Year-1 targets and weights on Data sheet (OEE 82/20%, BF 15/10%, etc.).
A7: 4. Calc sheet | B7: For each line calculate Score % and Weighted for 7 KPIs, then TOTAL.
A8: 5. Score formula | B8: Higher better: =MIN(100,Actual/Target*100). Lower better: =MIN(100,Target/Actual*100).
A9: 6. Weighted | B9: =Score * Weight (example OEE: Score*0.20)
A10: 7. Dashboard title | B10: Company name + KPI Dashboard + Month
A11: 8. Big number cards | B11: Show Plant Score, OEE, BF, BH, PM, MTTR, MTBF, Safety at the top
A12: 9. Score table | B12: One row per line with Total Score % and status Good/OK/Needs focus
A13: 10. Charts | B13: Insert → Charts → Column chart for Score by Line; another for Actual vs Target
A14: 11. Colours | B14: Home → Conditional Formatting → Colour Scales on Total Score column
A15: 12. Refresh habit | B15: Each month only update Data sheet yellow cells; never redraw charts
A16: 13. Present | B16: Hide Calc sheet (right-click tab → Hide). Show only Dashboard + Data
A18: Minimum charts for a good KPI dashboard
A19: 1) Bar chart — Total KPI Score by Line (P1, T1, T2, L8, L9)
A20: 2) Bar chart — Actual vs Target for main KPIs
A21: 3) Bar/Pie — Which KPI contributes most weighted points
A22: Keep it simple: 1 screen, 3 charts, clear total score.
