Workbook

Sheet Dashboard
A1: SIGNATURE FLATBREADS — KPI DASHBOARD (CONNECTED)
A2: HOW TO REFRESH: | B2: 1) Update Source_Data → 2) Click Dashboard → 3) Data → Refresh All (or Ctrl+Alt+F5)
A4: Month | B4: =Source_Data!B2 | C4: Plant Score % | D4: =Calc!Q9 | E4: Bonus £ (324 opp.) | F4: =324*Calc!Q9/100
A6: CONNECTED KPI CARDS
A7: OEE % | C7: BF | E7: BH hrs | G7: PM % | I7: MTTR | K7: MTBF
A8: =ROUND(Calc!B11,1) | C8: =ROUND(Calc!B12,1) | E8: =ROUND(Calc!B13,1) | G8: =ROUND(Calc!B14,1) | I8: =ROUND(Calc!B15,2) | K8: =ROUND(Calc!B16,1)
A9: Target 82 | C9: Target ≤15 | E9: Target ≤20 | G9: Target ≥98 | I9: Target <2.5 | K9: Target >150
A10: Safety LTI: | B10: =Calc!B17 | C10: =IF(B10=0,"PASS","FAIL — bonus may cut 50%")
A12: LINE SCORES (live link to Calc)
A13: Line | B13: Name | C13: Total Score % | D13: Status
A14: =Calc!A3 | B14: =Calc!B3 | C14: =Calc!Q3 | D14: =IF(C14>=90,"Good",IF(C14>=80,"OK","Needs focus"))
A15: =Calc!A4 | B15: =Calc!B4 | C15: =Calc!Q4 | D15: =IF(C15>=90,"Good",IF(C15>=80,"OK","Needs focus"))
A16: =Calc!A5 | B16: =Calc!B5 | C16: =Calc!Q5 | D16: =IF(C16>=90,"Good",IF(C16>=80,"OK","Needs focus"))
A17: =Calc!A6 | B17: =Calc!B6 | C17: =Calc!Q6 | D17: =IF(C17>=90,"Good",IF(C17>=80,"OK","Needs focus"))
A18: =Calc!A7 | B18: =Calc!B7 | C18: =Calc!Q7 | D18: =IF(C18>=90,"Good",IF(C18>=80,"OK","Needs focus"))
A21: Line | B21: Score
A22: =A14 | B22: =C14
A23: =A15 | B23: =C15
A24: =A16 | B24: =C16
A25: =A17 | B25: =C17
A26: =A18 | B26: =C18
A29: CONNECTION MAP
A30: Source_Data (KPI_Source) → Calc (KPI_Calc) → Dashboard + Chart
A31: Formulas update when Source_Data changes. Use Refresh All for charts/queries.
A33: REFRESH CHECKLIST
A34: Step 1: Update yellow cells on Source_Data
A35: Step 2: Click Dashboard sheet
A36: Step 3: Press Ctrl+Alt+F5 OR Data → Refresh All
A37: Step 4: Check Plant Score + chart updated
A38: Optional: File → Options → Formulas → Calculation = Automatic
A39: Optional auto on open: Data → Queries & Connections → Properties → Refresh when opening file

Sheet Source_Data
A1: SOURCE DATA (Excel Table). Type/paste new month here — then Refresh Dashboard
A2: Month | B2: 2026-07
A4: Line | B4: Name | C4: OEE_pct | D4: BF_count | E4: BH_hours | F4: PM_pct | G4: MTTR_hrs | H4: MTBF_hrs | I4: LTI
A5: P1 | B5: Pancake | C5: 80.83 | D5: 12 | E5: 18.5 | F5: 96 | G5: 1.542 | H5: 35 | I5: 0
A6: T1 | B6: Tortilla wrap | C6: 77.58 | D6: 14 | E6: 19 | F6: 96.67 | G6: 1.357 | H6: 28.57 | I6: 0
A7: T2 | B7: Tortilla wrap | C7: 80.65 | D7: 11 | E7: 16 | F7: 96.43 | G7: 1.455 | H7: 37.27 | I7: 0
A8: L8 | B8: Line L8 | C8: 85.07 | D8: 9 | E8: 14 | F8: 100 | G8: 1.556 | H8: 48.33 | I8: 0
A9: L9 | B9: Line L9 | C9: 76.34 | D9: 16 | E9: 22 | F9: 90 | G9: 1.375 | H9: 24.38 | I9: 0
A12: TARGETS
A13: KPI | B13: Target | C13: Weight | D13: Direction
A14: OEE | B14: 82 | C14: 0.2 | D14: higher
A15: BF | B15: 15 | C15: 0.1 | D15: lower
A16: BH | B16: 20 | C16: 0.15 | D16: lower
A17: PM | B17: 98 | C17: 0.2 | D17: higher
A18: MTTR | B18: 2.5 | C18: 0.15 | D18: lower
A19: MTBF | B19: 150 | C19: 0.1 | D19: higher
A20: Safety | B20: 0 | C20: 0.1 | D20: zero
A22: This sheet is your SOURCE. Dashboard connects to table KPI_Source.
A23: After changing yellow cells: go to Dashboard → Data tab → Refresh All (or Ctrl+Alt+F5)

Sheet Calc
A1: CONNECTED CALCULATIONS — reads Source_Data (auto-updates with formulas)
A2: Line | B2: Name | C2: OEE_Score | D2: BF_Score | E2: BH_Score | F2: PM_Score | G2: MTTR_Score | H2: MTBF_Score | I2: Safety_Score | J2: OEE_W | K2: BF_W | L2: BH_W | M2: PM_W | N2: MTTR_W | O2: MTBF_W | P2: Safety_W | Q2: TOTAL
A3: =Source_Data!A5 | B3: =Source_Data!B5 | C3: =MIN(100,Source_Data!C5/Source_Data!$B$14*100) | D3: =IF(Source_Data!D5=0,100,MIN(100,Source_Data!$B$15/Source_Data!D5*100)) | E3: =IF(Source_Data!E5=0,100,MIN(100,Source_Data!$B$16/Source_Data!E5*100)) | F3: =MIN(100,Source_Data!F5/Source_Data!$B$17*100) | G3: =IF(Source_Data!G5=0,100,MIN(100,Source_Data!$B$18/Source_Data!G5*100)) | H3: =MIN(100,Source_Data!H5/Source_Data!$B$19*100) | I3: =IF(Source_Data!I5=0,100,0) | J3: =C3*Source_Data!$C$14 | K3: =D3*Source_Data!$C$15 | L3: =E3*Source_Data!$C$16 | M3: =F3*Source_Data!$C$17 | N3: =G3*Source_Data!$C$18 | O3: =H3*Source_Data!$C$19 | P3: =I3*Source_Data!$C$20 | Q3: =MIN(100,SUM(J3:P3))
A4: =Source_Data!A6 | B4: =Source_Data!B6 | C4: =MIN(100,Source_Data!C6/Source_Data!$B$14*100) | D4: =IF(Source_Data!D6=0,100,MIN(100,Source_Data!$B$15/Source_Data!D6*100)) | E4: =IF(Source_Data!E6=0,100,MIN(100,Source_Data!$B$16/Source_Data!E6*100)) | F4: =MIN(100,Source_Data!F6/Source_Data!$B$17*100) | G4: =IF(Source_Data!G6=0,100,MIN(100,Source_Data!$B$18/Source_Data!G6*100)) | H4: =MIN(100,Source_Data!H6/Source_Data!$B$19*100) | I4: =IF(Source_Data!I6=0,100,0) | J4: =C4*Source_Data!$C$14 | K4: =D4*Source_Data!$C$15 | L4: =E4*Source_Data!$C$16 | M4: =F4*Source_Data!$C$17 | N4: =G4*Source_Data!$C$18 | O4: =H4*Source_Data!$C$19 | P4: =I4*Source_Data!$C$20 | Q4: =MIN(100,SUM(J4:P4))
A5: =Source_Data!A7 | B5: =Source_Data!B7 | C5: =MIN(100,Source_Data!C7/Source_Data!$B$14*100) | D5: =IF(Source_Data!D7=0,100,MIN(100,Source_Data!$B$15/Source_Data!D7*100)) | E5: =IF(Source_Data!E7=0,100,MIN(100,Source_Data!$B$16/Source_Data!E7*100)) | F5: =MIN(100,Source_Data!F7/Source_Data!$B$17*100) | G5: =IF(Source_Data!G7=0,100,MIN(100,Source_Data!$B$18/Source_Data!G7*100)) | H5: =MIN(100,Source_Data!H7/Source_Data!$B$19*100) | I5: =IF(Source_Data!I7=0,100,0) | J5: =C5*Source_Data!$C$14 | K5: =D5*Source_Data!$C$15 | L5: =E5*Source_Data!$C$16 | M5: =F5*Source_Data!$C$17 | N5: =G5*Source_Data!$C$18 | O5: =H5*Source_Data!$C$19 | P5: =I5*Source_Data!$C$20 | Q5: =MIN(100,SUM(J5:P5))
A6: =Source_Data!A8 | B6: =Source_Data!B8 | C6: =MIN(100,Source_Data!C8/Source_Data!$B$14*100) | D6: =IF(Source_Data!D8=0,100,MIN(100,Source_Data!$B$15/Source_Data!D8*100)) | E6: =IF(Source_Data!E8=0,100,MIN(100,Source_Data!$B$16/Source_Data!E8*100)) | F6: =MIN(100,Source_Data!F8/Source_Data!$B$17*100) | G6: =IF(Source_Data!G8=0,100,MIN(100,Source_Data!$B$18/Source_Data!G8*100)) | H6: =MIN(100,Source_Data!H8/Source_Data!$B$19*100) | I6: =IF(Source_Data!I8=0,100,0) | J6: =C6*Source_Data!$C$14 | K6: =D6*Source_Data!$C$15 | L6: =E6*Source_Data!$C$16 | M6: =F6*Source_Data!$C$17 | N6: =G6*Source_Data!$C$18 | O6: =H6*Source_Data!$C$19 | P6: =I6*Source_Data!$C$20 | Q6: =MIN(100,SUM(J6:P6))
A7: =Source_Data!A9 | B7: =Source_Data!B9 | C7: =MIN(100,Source_Data!C9/Source_Data!$B$14*100) | D7: =IF(Source_Data!D9=0,100,MIN(100,Source_Data!$B$15/Source_Data!D9*100)) | E7: =IF(Source_Data!E9=0,100,MIN(100,Source_Data!$B$16/Source_Data!E9*100)) | F7: =MIN(100,Source_Data!F9/Source_Data!$B$17*100) | G7: =IF(Source_Data!G9=0,100,MIN(100,Source_Data!$B$18/Source_Data!G9*100)) | H7: =MIN(100,Source_Data!H9/Source_Data!$B$19*100) | I7: =IF(Source_Data!I9=0,100,0) | J7: =C7*Source_Data!$C$14 | K7: =D7*Source_Data!$C$15 | L7: =E7*Source_Data!$C$16 | M7: =F7*Source_Data!$C$17 | N7: =G7*Source_Data!$C$18 | O7: =H7*Source_Data!$C$19 | P7: =I7*Source_Data!$C$20 | Q7: =MIN(100,SUM(J7:P7))
A9: Plant_Score | Q9: =AVERAGE(Q3:Q7)
A11: Plant_OEE | B11: =AVERAGE(Source_Data!C5:C9)
A12: Plant_BF | B12: =AVERAGE(Source_Data!D5:D9)
A13: Plant_BH | B13: =AVERAGE(Source_Data!E5:E9)
A14: Plant_PM | B14: =AVERAGE(Source_Data!F5:F9)
A15: Plant_MTTR | B15: =AVERAGE(Source_Data!G5:G9)
A16: Plant_MTBF | B16: =AVERAGE(Source_Data!H5:H9)
A17: Plant_LTI | B17: =SUM(Source_Data!I5:I9)

Sheet How_To_Connect_Refresh
A1: Connect Dashboard ↔ Excel data + Refresh automatically
A3: Topic | B3: Instructions
A4: Your requirement | B4: Click Dashboard → Refresh → latest data loads into cards/charts
A5: Method A (this file) | B5: Already connected with formulas (=Source_Data!... / =Calc!...). Update Source_Data, open Dashboard, press Ctrl+Alt+F5.
A6: Method B — other Excel file | B6: Data → Get Data → From File → From Workbook → select source file → Load. Then Data → Refresh All.
A7: Refresh on open | B7: Data → Queries & Connections → query Properties → tick Refresh data when opening the file
A8: Refresh every N minutes | B8: Same Properties → tick Refresh every → e.g. 60 minutes
A9: Keyboard | B9: Ctrl + Alt + F5 = Refresh All
A10: Auto calculate | B10: File → Options → Formulas → Workbook Calculation → Automatic
A11: Power BI | B11: Get data → Excel → publish → Refresh in Power BI service
